year,muni_code,party,share,coverage,councils,history_in_province
2016,CPT,CHRISTIAN DEMOCRATIC PARTY,5.662224121634978e-4,0.22413793103448276,1,FALSE
2016,CPT,PEOPLE'S DEMOCRATIC MOVEMENT,1.7566900278429367e-4,0.10344827586206896,8,TRUE
2016,CPT,UBUNTU PARTY,2.7450782667431766e-4,0.25,7,FALSE
2016,CPT,DEMOCRATIC INDEPENDENT PARTY,0.0030095821638739697,1,1,FALSE
2016,CPT,NATIONALIST COLOURED PARTY OF SOUTH AFRICA,5.666225693452388e-4,0.8275862068965517,5,FALSE
2016,CPT,AL SHURA PARTY,7.082782116815485e-4,0.6379310344827587,1,FALSE
2016,CPT,INDEPENDENT SPORT PARTY,6.442530626029904e-5,0.08620689655172414,1,FALSE
2016,CPT,KHOISAN KINGDOM AND ALL PEOPLE,3.081210299405607e-4,0.14655172413793102,2,FALSE
2016,CPT,SOUTH AFRICA PEOPLE'S PARTY,3.5774052047644314e-4,0.14655172413793102,2,FALSE
2016,CPT,COLOURED VOICE,3.4493549066073154e-4,0.7327586206896551,2,FALSE
2016,CPT,SIZWE UMMAH NATION,2.236878645932122e-4,0.15517241379310345,1,FALSE
2016,CPT,THE GREENS,1.912751328721922e-4,0.04310344827586207,1,FALSE
2016,CPT,KHOISAN REVOLUTION,2.6490405431253396e-4,0.11206896551724138,3,FALSE
2016,CPT,SOUTH AFRICAN PEOPLE FOR EQUALITY,1.2644966943015218e-4,0.07758620689655173,1,FALSE
2016,CPT,PATRIOTIC ASSOCIATION OF SOUTH AFRICA,5.202043362632842e-5,0.02586206896551724,1,FALSE
2016,CPT,LOCAL PEOPLE'S PARTY,0.0010844259625180771,0.10344827586206896,1,FALSE
2016,WC011,UNITED DEMOCRATS,0.03193801906248258,1,1,FALSE
2016,WC012,ALLIANCE FOR DEMOCRATIC FREEDOM,0.01457421083589308,0.6666666666666666,4,FALSE
2016,WC012,ALLIANCE OF DEMOCRATIC CONGRESS,0.05813345532971701,1,1,FALSE
2016,WC012,COLOURED VOICE,0.003529181099274557,0.8333333333333334,2,FALSE
2016,WC012,DEMOCRATIC NEW CIVIC ASSOCIATION,0.0019279785634925821,1,6,FALSE
2016,WC014,KHOISAN REVOLUTION,0.014379252792399537,0.9285714285714286,3,FALSE
2016,WC014,NASIONAAL DEMOKRATIESE PARTY/NATIONAL DEMOCRATIC PARTY,0.00489294018630262,0.8571428571428571,1,FALSE
2016,WC014,SALDANHA BAY RESIDENTS ALLIANCE,0.01616239425971099,1,1,FALSE
2016,WC014,UBUNTU PARTY,0.0020113835751273163,0.8571428571428571,7,FALSE
2016,WC014,NATIONALIST COLOURED PARTY OF SOUTH AFRICA,5.278098743241894e-4,0.14285714285714285,5,FALSE
2016,WC015,NATIONALIST COLOURED PARTY OF SOUTH AFRICA,0.00512534430459189,0.16666666666666666,5,FALSE
2016,WC022,LAND CLAIMS FIGHTERS,0.015993106781833848,0.9166666666666666,1,FALSE
2016,WC022,WITZENBERG AKSIE,0.049870752159384656,1,1,FALSE
2016,WC023,KHOISAN REVOLUTION,0.0021808992108668314,0.8787878787878788,3,FALSE
2016,WC023,COMMUNITY PARTY,0.002830916524412099,0.18181818181818182,1,FALSE
2016,WC023,SOUTH AFRICA PEOPLE'S PARTY,4.61694540462059e-4,0.15151515151515152,2,FALSE
2016,WC023,ALLIANCE FOR DEMOCRATIC FREEDOM,0.0060324036668266395,0.6060606060606061,4,FALSE
2016,WC023,FEDERATION OF DEMOCRATS,0.007460011785360638,0.5454545454545454,1,FALSE
2016,WC024,ALLIANCE FOR DEMOCRATIC FREEDOM,0.002027982602043993,0.3181818181818182,4,FALSE
2016,WC024,CHRISTIAN DEMOCRATS,0.0018856680334795022,0.7272727272727273,2,FALSE
2016,WC024,DEMOCRATIC NEW CIVIC ASSOCIATION,0.016517384614016205,0.7272727272727273,6,FALSE
2016,WC024,KHOISAN KINGDOM AND ALL PEOPLE,0.0026417141789783593,0.4090909090909091,2,FALSE
2016,WC024,UNITED FRANSCHHOEK VALLEY,0.0033977603244772165,0.13636363636363635,1,FALSE
2016,WC024,UBUNTU PARTY,1.3341990802921005e-4,0.4090909090909091,7,FALSE
2016,WC024,NATIONALIST COLOURED PARTY OF SOUTH AFRICA,1.4231456856449073e-4,0.09090909090909091,5,FALSE
2016,WC026,ALLIANCE FOR DEMOCRATIC FREEDOM,0.004817933862907882,0.5,4,FALSE
2016,WC026,COMMUNITY AND WORKERS ALLIANCE,0.01612614226841068,1,2,FALSE
2016,WC026,LANGERBERG INDEPENDENT PARTY,0.03261064325389715,1,1,FALSE
2016,WC026,NATIONALIST COLOURED PARTY OF SOUTH AFRICA,6.171733460749766e-4,0.16666666666666666,5,FALSE
2016,WC031,PEOPLE'S DEMOCRATIC MOVEMENT,0.0014369814119501228,0.2857142857142857,8,TRUE
2016,WC031,THE PEOPLES INDEPENDENT CIVIC ORGANISATION,0.001174307390410853,0.14285714285714285,5,TRUE
2016,WC031,UNITED FRONT OF THE EASTERN CAPE,0.03502835334291321,0.21428571428571427,1,FALSE
2016,WC032,PEOPLE'S DEMOCRATIC MOVEMENT,0.0014030952280731294,0.3076923076923077,8,TRUE
2016,WC032,UBUNTU PARTY,6.734857094751021e-4,0.8461538461538461,7,FALSE
2016,WC033,DIENSLEWERINGS PARTY,0.10115794703252187,1,1,FALSE
2016,WC033,KAAP AGULHAS CIVIC ORGANISASIE,0.03332441624947453,1,1,FALSE
2016,WC033,UBUNTU PARTY,0.0030572858944472045,1,7,FALSE
2016,WC034,COMMUNITY AND WORKERS ALLIANCE,0.008301794652667562,1,2,FALSE
2016,WC043,GOURIKWA KHOISAN,0.0029422778580217193,0.9285714285714286,1,FALSE
2016,WC043,PLAASLIKE BESORGDE INWONERS,0.001230407104263628,0.2857142857142857,4,TRUE
2016,WC043,D'ALMEDIA CIVIC ASSOCIATION,0.004172684962285347,0.21428571428571427,1,FALSE
2016,WC043,SOUTH AFRICA CIVICS,4.1459369817578774e-4,0.14285714285714285,4,FALSE
2016,WC044,CHRISTIAN DEMOCRATS,0.0033052884615384615,0.8888888888888888,2,FALSE
2016,WC044,CHRISTIAN UNITED MOVEMENT S.A (THE RIGHT CHOICE),7.26161858974359e-4,0.2222222222222222,1,FALSE
2016,WC044,DEMOCRATIC NEW CIVIC ASSOCIATION,0.0030632345085470085,0.4074074074074074,6,FALSE
2016,WC044,SOUTH AFRICA CIVICS,0.012344751602564102,0.5555555555555556,4,FALSE
2016,WC044,UBUNTU PARTY,0.00040064102564102563,0.037037037037037035,7,FALSE
2016,WC044,SOUTH AFRICAN RELIGIOUS CIVIC ORGANISATION,0.0022702991452991455,0.37037037037037035,4,FALSE
2016,WC045,SOUTH AFRICAN RELIGIOUS CIVIC ORGANISATION,0.02652724657005509,1,4,FALSE
2016,WC045,DEMOCRATIC NEW CIVIC ASSOCIATION,0.0019298922769219972,0.6153846153846154,6,FALSE
2016,WC045,PLAASLIKE BESORGDE INWONERS,0.014439103126425488,0.8461538461538461,4,TRUE
2016,WC045,UMEMPLOYED PEOPLES ASSOCIATION,0.008158180988806624,0.7692307692307693,1,FALSE
2016,WC045,ADVIESKANTOOR,0.014737359205586161,0.15384615384615385,1,FALSE
2016,WC045,SOUTH AFRICA CIVICS,0.002982560791606723,0.46153846153846156,4,FALSE
2016,WC047,ACTIVE UNITED FRONT,0.053547701302152535,1,1,FALSE
2016,WC047,BITOU INDEPENDENT PARTY,0.0030029231995748074,0.5714285714285714,1,FALSE
2016,WC047,DEMOCRATIC NEW CIVIC ASSOCIATION,7.175126229072549e-4,0.42857142857142855,6,FALSE
2016,WC048,PLAASLIKE BESORGDE INWONERS,0.0013921113689095127,0.45454545454545453,4,TRUE
2016,WC048,SOUTH AFRICA CIVICS,6.859679209119338e-4,0.09090909090909091,4,FALSE
2016,WC048,SOUTH AFRICAN RELIGIOUS CIVIC ORGANISATION,0.001452637950166448,0.18181818181818182,4,FALSE
2016,WC048,UBUNTU PARTY,0.003288610914960153,0.9090909090909091,7,FALSE
2016,WC048,DEMOCRATIC NEW CIVIC ASSOCIATION,9.886008271966105e-4,0.36363636363636365,6,FALSE
2016,WC048,KNYSNA UNITY CONGRESS,0.020942197114899627,0.6363636363636364,1,FALSE
2016,WC051,KAROO ONTWIKKELINGS PARTY,0.04502219403931516,0.75,1,FALSE
2016,WC053,KAROO DEMOCRATIC FORCE,0.05176095617529881,1,1,FALSE
2016,WC053,SOUTH AFRICAN RELIGIOUS CIVIC ORGANISATION,0.00248605577689243,0.42857142857142855,4,FALSE
2021,CPT,AFRICA RESTORATION ALLIANCE,0.007252518304092316,0.9224137931034483,15,FALSE
2021,CPT,CAPE COLOURED CONGRESS,0.028037475458774858,0.853448275862069,6,FALSE
2021,CPT,CAPE INDEPENDENCE PARTY / KAAPSE ONAFHANKLIKHEIDS PARTY,0.006348490608370045,0.8448275862068966,20,FALSE
2021,CPT,CREDIBLE ALTERNATIVE 1ST MOVEMENT,0.001336841926259207,0.6724137931034483,1,FALSE
2021,CPT,DEMOCRATIC PEOPLE'S MOVEMENT,6.21519040809061e-4,0.3103448275862069,1,FALSE
2021,CPT,IQELA LENTSANGO - DAGGA PARTY,6.741808483268631e-4,0.15517241379310345,4,FALSE
2021,CPT,ONE MOVEMENT FOR CAPE TOWN,0.0010949267479743031,0.19827586206896552,1,FALSE
2021,CPT,THE ORGANIC HUMANITY MOVEMENT,0.00105762463431586,0.7672413793103449,7,FALSE
2021,CPT,UNITED INDEPENDENT MOVEMENT,0.005686378090932679,0.9655172413793104,5,FALSE
2021,CPT,UNITED SOUTH AFRICA,6.242618432839464e-4,0.7155172413793104,1,FALSE
2021,CPT,CHRISTIANS OF SOUTH AFRICA,6.58272593972527e-6,0.034482758620689655,1,FALSE
2021,CPT,DEMOCRATIC PEOPLE'S ALTERNATIVE,0.0011333259826227006,0.8793103448275862,1,FALSE
2021,CPT,DEMOCRATIC LABOUR PARTY,5.633716283414877e-4,0.5948275862068966,1,FALSE
2021,CPT,SPECTRUM NATIONAL PARTY,5.902510925953659e-4,0.7155172413793104,11,FALSE
2021,CPT,UNITED PROGRESSIVE PARTY SOUTH AFRICA,4.558537713259749e-4,0.5517241379310345,1,FALSE
2021,CPT,OUR NATION,3.2365069203649244e-4,0.6293103448275862,1,FALSE
2021,CPT,AFRICAN ISLAMIC MOVEMENT,5.688572332912588e-4,0.6982758620689655,1,FALSE
2021,CPT,BLACK FIRST LAND FIRST,2.3752669432508682e-4,0.3275862068965517,1,FALSE
2021,CPT,EASTERN CAPE MOVEMENT,7.131286434702376e-5,0.017241379310344827,1,FALSE
2021,CPT,INTERNATIONAL PARTY,8.831823969131404e-5,0.017241379310344827,1,FALSE
2021,CPT,AFRICAN FREEDOM REVOLUTION,2.709888845186903e-4,0.6551724137931034,3,FALSE
2021,CPT,GOD SAVE AFRICA,4.2678006509218834e-4,0.034482758620689655,1,FALSE
2021,CPT,ECONOMIC EMANCIPATION FORUM,2.803144129333011e-4,0.6896551724137931,2,FALSE
2021,CPT,INDEPENDENT SOUTH AFRICAN NATIONAL CIVIC ORGANISATION,1.1026065949039828e-4,0.02586206896551724,1,FALSE
2021,CPT,ABANTU BATHO CONGRESS,1.684080719579715e-4,0.1896551724137931,1,FALSE
2021,CPT,COMPATRIOTS OF SOUTH AFRICA,1.3933436572418487e-4,0.017241379310344827,5,FALSE
2021,CPT,KHOI-SAN KINGDOM OF RSA,5.485604949771058e-6,0.017241379310344827,3,FALSE
2021,CPT,DEMOCRATIC EQUALITY EMPOWERMENT PARTY,1.7553935839267387e-5,0.008620689655172414,1,FALSE
2021,WC011,KHOI-SAN HEAVENLY PARTY,0.008057993589551568,0,1,FALSE
2021,WC011,AFRICA RESTORATION ALLIANCE,0.004283617410059012,0.875,15,FALSE
2021,WC011,KHOI-SAN KINGDOM OF RSA,8.986609951172753e-4,0.25,3,FALSE
2021,WC012,AFRICA RESTORATION ALLIANCE,0.0065533898591358985,0.8333333333333334,15,FALSE
2021,WC012,CEDERBERG FIRST RESIDENTS ASSOCIATION,0.27500591156301724,1,1,FALSE
2021,WC012,DEMOCRATIC INDEPENDENT PARTY,0.006384488058642705,1,2,TRUE
2021,WC012,PATRIOTIC ALLIANCE,0.07762726750667162,1,23,TRUE
2021,WC012,THE ORGANIC HUMANITY MOVEMENT,0.0012836536837482688,0.8333333333333334,7,FALSE
2021,WC013,AFRICA RESTORATION ALLIANCE,0.0027141133896260556,0.8571428571428571,15,FALSE
2021,WC013,CAPE INDEPENDENCE PARTY / KAAPSE ONAFHANKLIKHEIDS PARTY,0.005763302506366439,1,20,FALSE
2021,WC013,PATRIOTIC ALLIANCE,0.07046642541214314,1,23,TRUE
2021,WC013,SIZWE UMMAH NATION,0.0019099316445516687,0.8571428571428571,2,TRUE
2021,WC014,AFRICA RESTORATION ALLIANCE,0.0018235806732724397,0.7142857142857143,15,FALSE
2021,WC014,CAPE COLOURED CONGRESS,0.014152922570441855,0.8571428571428571,6,FALSE
2021,WC014,KONSERWATIEWE PARTY/CONSERVATIVE PARTY,0.003308265823193364,0.9285714285714286,1,FALSE
2021,WC014,PATRIOTIC ALLIANCE,0.043152696640092955,1,23,TRUE
2021,WC014,SPECTRUM NATIONAL PARTY,7.584804570248201e-4,0.6428571428571429,11,FALSE
2021,WC014,CAPE INDEPENDENCE PARTY / KAAPSE ONAFHANKLIKHEIDS PARTY,0.007262046928961043,0.7857142857142857,20,FALSE
2021,WC015,AFRICA RESTORATION ALLIANCE,0.0037041795135320317,0.6666666666666666,15,FALSE
2021,WC015,CAPE INDEPENDENCE PARTY / KAAPSE ONAFHANKLIKHEIDS PARTY,0.008607399794450155,1,20,FALSE
2021,WC015,PATRIOTIC ALLIANCE,0.00869304556354916,0.8333333333333334,23,TRUE
2021,WC015,CAPE COLOURED CONGRESS,0.0011348064405618363,0.16666666666666666,6,FALSE
2021,WC015,KHOI-SAN KINGDOM OF RSA,2.1411442274751628e-4,0.16666666666666666,3,FALSE
2021,WC022,WITZENBERG ONAFHANKLIKE DEMOKRATIESE PARTY,0.008952461927029934,1,1,FALSE
2021,WC022,WITZENBERG PARTY,0.01945535022131086,0.5,1,FALSE
2021,WC022,CAPE INDEPENDENCE PARTY / KAAPSE ONAFHANKLIKHEIDS PARTY,0.0031758733651754234,0.75,20,FALSE
2021,WC022,SPECTRUM NATIONAL PARTY,0.0025256945660056514,0.8333333333333334,11,FALSE
2021,WC023,AFRICA RESTORATION ALLIANCE,0.003501769711574667,0.6666666666666666,15,FALSE
2021,WC023,CAPE INDEPENDENCE PARTY / KAAPSE ONAFHANKLIKHEIDS PARTY,0.0035620152119888544,0.7878787878787878,20,FALSE
2021,WC023,CONCERNED DRAKENSTEIN RESIDENTS,0.042465547104450635,0.9393939393939394,1,FALSE
2021,WC023,TRANSFORMING DRAKENSTEIN COMMUNITY FORUM,0.0023947586414639656,0.8181818181818182,1,FALSE
2021,WC023,SPECTRUM NATIONAL PARTY,0.0010392348821447398,0.48484848484848486,11,FALSE
2021,WC023,CAPE COLOURED CONGRESS,0.001137133820317795,0.06060606060606061,6,FALSE
2021,WC024,AFRICA RESTORATION ALLIANCE,0.0019647050617312657,0.5652173913043478,15,FALSE
2021,WC024,AFRICAN FREEDOM REVOLUTION,6.161501081169057e-4,0.08695652173913043,3,FALSE
2021,WC024,CAPE COLOURED CONGRESS,0.006161501081169057,0.782608695652174,6,FALSE
2021,WC024,SPECTRUM NATIONAL PARTY,0.001732195586970169,0.5652173913043478,11,FALSE
2021,WC024,CAPE INDEPENDENCE PARTY / KAAPSE ONAFHANKLIKHEIDS PARTY,0.003603896858796996,0.782608695652174,20,FALSE
2021,WC024,ECONOMIC EMANCIPATION FORUM,8.602850566160571e-4,0.43478260869565216,2,FALSE
2021,WC025,CAPE COLOURED CONGRESS,0.006387171298498335,0.7619047619047619,6,FALSE
2021,WC025,ECONOMIC LIBERATION CONGRESS,0.008058707617041517,0.47619047619047616,2,FALSE
2021,WC025,KHOISAN UNITED MOVEMENT,0.0020248691988856427,0.5714285714285714,1,FALSE
2021,WC025,CAPE INDEPENDENCE PARTY / KAAPSE ONAFHANKLIKHEIDS PARTY,0.0025412787932323163,0.8095238095238095,20,FALSE
2021,WC025,SPECTRUM NATIONAL PARTY,9.648705578582592e-4,0.7142857142857143,11,FALSE
2021,WC026,CAPE INDEPENDENCE PARTY / KAAPSE ONAFHANKLIKHEIDS PARTY,0.004822241358100627,0.8333333333333334,20,FALSE
2021,WC026,THE ORGANIC HUMANITY MOVEMENT,0.0017960388731701317,0.6666666666666666,7,FALSE
2021,WC026,COMPATRIOTS OF SOUTH AFRICA,0.007848443843031122,0.8333333333333334,5,FALSE
2021,WC026,YOUTH INDEPENDENCE PARTY AND YOUTH ASSOCIATES,0.009841308894082914,0.8333333333333334,1,FALSE
2021,WC026,ECONOMIC LIBERATION CONGRESS,0.004969860991511871,0.3333333333333333,2,FALSE
2021,WC031,CAPE INDEPENDENCE PARTY / KAAPSE ONAFHANKLIKHEIDS PARTY,0.0035826242722794446,0.9285714285714286,20,FALSE
2021,WC031,PATRIOTIC ALLIANCE,0.0517533441071672,1,23,TRUE
2021,WC031,WESTERN PROVINCE PARTY,0.011877178293969897,1,4,FALSE
2021,WC031,UNITED INDEPENDENT MOVEMENT,0.002102844681555326,1,5,FALSE
2021,WC031,SPECTRUM NATIONAL PARTY,0.008528203430752156,0.8571428571428571,11,FALSE
2021,WC032,THE ORGANIC HUMANITY MOVEMENT,0.0017370660953649286,0.8571428571428571,7,FALSE
2021,WC032,CAPE INDEPENDENCE PARTY / KAAPSE ONAFHANKLIKHEIDS PARTY,0.006195535740134912,0.7857142857142857,20,FALSE
2021,WC032,PATRIOTIC ALLIANCE,0.0023016125763585305,0.14285714285714285,23,TRUE
2021,WC032,SPECTRUM NATIONAL PARTY,7.093019889406792e-4,0.2857142857142857,11,FALSE
2021,WC032,WESTERN PROVINCE PARTY,0.00531252714165774,0.8571428571428571,4,FALSE
2021,WC033,THE PEOPLE'S AGENDA,0.018181054753107155,1,1,FALSE
2021,WC033,WESTERN PROVINCE PARTY,0.014276116896204233,1,4,FALSE
2021,WC033,CAPE INDEPENDENCE PARTY / KAAPSE ONAFHANKLIKHEIDS PARTY,0.006298286865972455,0.8333333333333334,20,FALSE
2021,WC033,COMPATRIOTS OF SOUTH AFRICA,0.003988915015115889,0.8333333333333334,5,FALSE
2021,WC034,CAPE INDEPENDENCE PARTY / KAAPSE ONAFHANKLIKHEIDS PARTY,0.0025754697065653366,0.5,20,FALSE
2021,WC034,PATRIOTIC ALLIANCE,0.002195482372809795,1,23,TRUE
2021,WC034,WESTERN PROVINCE PARTY,0.024445851804939835,1,4,FALSE
2021,WC041,AFRICA RESTORATION ALLIANCE,0.005016722408026756,1,15,FALSE
2021,WC041,KANNALAND INDEPENDENT PARTY,0.07486064659977704,1,1,FALSE
2021,WC041,SUID - KAAP SAAMSTAAN,0.0030100334448160534,0.75,3,FALSE
2021,WC042,CAPE INDEPENDENCE PARTY / KAAPSE ONAFHANKLIKHEIDS PARTY,0.00392156862745098,0.8888888888888888,20,FALSE
2021,WC042,PATRIOTIC ALLIANCE,0.02816834050693448,0.7777777777777778,23,TRUE
2021,WC042,HESSEQUA PEOPLES MOVEMENT,0.013151602104256336,0.6666666666666666,1,FALSE
2021,WC042,EDEN UNITED PEOPLE'S PARTY,0.0013390722142515542,0.6666666666666666,2,FALSE
2021,WC043,CAPE INDEPENDENCE PARTY / KAAPSE ONAFHANKLIKHEIDS PARTY,0.004948810300331811,0.6666666666666666,20,FALSE
2021,WC043,EDEN UNITED PEOPLE'S PARTY,8.36618360228014e-4,0.3333333333333333,2,FALSE
2021,WC043,PATRIOTIC ALLIANCE,0.020135560534301353,0.8666666666666667,23,TRUE
2021,WC043,UNITED INDEPENDENT MOVEMENT,0.0034315532741555827,0.7333333333333333,5,FALSE
2021,WC043,AFRICA RESTORATION ALLIANCE,2.268795553160716e-4,0.4,15,FALSE
2021,WC043,SPECTRUM NATIONAL PARTY,2.552394997305805e-4,0.4666666666666667,11,FALSE
2021,WC044,ACTIVE UNITED FRONT,0.0018777073379315473,0.21428571428571427,3,TRUE
2021,WC044,AFRICA RESTORATION ALLIANCE,8.458978601572812e-4,0.5357142857142857,15,FALSE
2021,WC044,CAPE INDEPENDENCE PARTY / KAAPSE ONAFHANKLIKHEIDS PARTY,0.004954544609492647,0.6071428571428571,20,FALSE
2021,WC044,PATRIOTIC ALLIANCE,0.016053468181226646,0.75,23,TRUE
2021,WC044,SPECTRUM NATIONAL PARTY,2.6027626466377883e-4,0.07142857142857142,11,FALSE
2021,WC044,UNITED INDEPENDENT MOVEMENT,0.002193757087880422,0.7142857142857143,5,FALSE
2021,WC044,COMPATRIOTS OF SOUTH AFRICA,0.0015802487497443714,0.42857142857142855,5,FALSE
2021,WC044,THE ORGANIC HUMANITY MOVEMENT,0.0018498205952889996,0.6071428571428571,7,FALSE
2021,WC044,AFRICAN FREEDOM REVOLUTION,6.506906616594471e-5,0,3,FALSE
2021,WC045,CAPE INDEPENDENCE PARTY / KAAPSE ONAFHANKLIKHEIDS PARTY,0.003588621444201313,0.9230769230769231,20,FALSE
2021,WC045,OUDTSHOORN GEMEENSKAP INISIATIEF,0.053304157549234135,1,1,FALSE
2021,WC045,PATRIOTIC ALLIANCE,0.03490153172866521,1,23,TRUE
2021,WC045,IQELA LENTSANGO - DAGGA PARTY,7.00218818380744e-4,0.07692307692307693,4,FALSE
2021,WC045,SUID - KAAP SAAMSTAAN,0.016214442013129104,0.8461538461538461,3,FALSE
2021,WC045,COMPATRIOTS OF SOUTH AFRICA,0.00538293216630197,0.8461538461538461,5,FALSE
2021,WC045,AFRICA RESTORATION ALLIANCE,0.0012910284463894968,0.7692307692307693,15,FALSE
2021,WC047,AFRICA RESTORATION ALLIANCE,0.0015548135498177555,0.7142857142857143,15,FALSE
2021,WC047,BITOU CONCERNED RESIDENTS,0.004868350623199858,0.2857142857142857,1,FALSE
2021,WC047,CAPE INDEPENDENCE PARTY / KAAPSE ONAFHANKLIKHEIDS PARTY,0.0024469196849590904,0.8571428571428571,20,FALSE
2021,WC047,CITIZENS RIGHTS PROTECTION UNITY,0.0037468457675936075,0.42857142857142855,1,FALSE
2021,WC047,IKHWEZI POLITICAL MOVEMENT,0.031988377131496444,1,1,FALSE
2021,WC047,PATRIOTIC ALLIANCE,0.05717125888920042,1,23,TRUE
2021,WC047,PLETT DEMOCRATIC CONGRESS,0.06509825911859914,0.5714285714285714,1,FALSE
2021,WC047,THE ORGANIC HUMANITY MOVEMENT,0.004001733234776846,1,7,FALSE
2021,WC047,IQELA LENTSANGO - DAGGA PARTY,6.627074146764204e-4,0.14285714285714285,4,FALSE
2021,WC048,ACTIVE UNITED FRONT,0.005145504622413904,0.2727272727272727,3,TRUE
2021,WC048,AFRICA RESTORATION ALLIANCE,0.0011315840040993232,0.6363636363636364,15,FALSE
2021,WC048,CAPE INDEPENDENCE PARTY / KAAPSE ONAFHANKLIKHEIDS PARTY,0.006597348250314922,0.9090909090909091,20,FALSE
2021,WC048,IQELA LENTSANGO - DAGGA PARTY,9.394282298183061e-4,0.36363636363636365,4,FALSE
2021,WC048,PATRIOTIC ALLIANCE,0.07374511604073702,0.9090909090909091,23,TRUE
2021,WC048,THE ORGANIC HUMANITY MOVEMENT,0.0016012981190084762,0.5454545454545454,7,FALSE
2021,WC048,UNITED INDEPENDENT MOVEMENT,0.002647479556760681,0.8181818181818182,5,FALSE
2021,WC048,KNYSNA INDEPENDENT MOVEMENT,0.07895467258791126,0.8181818181818182,1,FALSE
2021,WC048,KNYSNA SOCIAL DEMOCRATIC PARTY,5.978179644298311e-4,0.09090909090909091,1,FALSE
2021,WC051,PATRIOTIC ALLIANCE,0.1386951805361847,1,23,TRUE
2021,WC052,CAPE INDEPENDENCE PARTY / KAAPSE ONAFHANKLIKHEIDS PARTY,0.0031244420639171574,0.75,20,FALSE
2021,WC052,KAROO ONTWIKKELINGS PARTY,0.009819675058025352,0.25,2,TRUE
2021,WC052,PATRIOTIC ALLIANCE,0.14345652562042494,1,23,TRUE
2021,WC052,SPECTRUM NATIONAL PARTY,0.018746652383502947,1,11,FALSE
2021,WC052,UNITED COMMUNITY FRONT,0.045706123906445274,1,1,FALSE
2021,WC052,SUID - KAAP SAAMSTAAN,0.001339046598821639,0.5,3,FALSE
2021,WC053,PATRIOTIC ALLIANCE,0.21925257817422159,1,23,TRUE
2021,WC053,AFRICA RESTORATION ALLIANCE,0.0020890672149086447,0.8571428571428571,15,FALSE
