file,url,retrieved_utc,bytes,sha256,note
data/raw/iec/lge/2021/downloadable_party_results/CPT.csv,https://results.elections.org.za/home/LGEPublicReports/1091/Downloadable%20Party%20Results/WP/CPT.csv,2026-09-24 13:19:02 UTC,9894016,2fbc2cf33a6bab2aa37c671faac720a143bd5d3f45f864ace131a0b037ce5b6b,
data/raw/iec/lge/2021/seat_calculation_detail/CPT.xls,https://results.elections.org.za/home/LGEPublicReports/1091/Seat%20Calculation%20Detail/WP/CPT.xls,2026-09-24 13:24:34 UTC,40896,127276bcba8a1e00faf2fbd191e236d32e9f5dd41860500c7b1de49352cfa01d,
data/raw/iec/lge/2021/detailed_results/CPT.pdf,https://results.elections.org.za/home/LGEPublicReports/1091/Detailed%20Results/WP/CPT.pdf,2026-09-24 13:24:35 UTC,52889,b1ba491df055be0e0ce8e2327bdb996b35f5a8710e010ae93c8d671c53bfbc76,
data/raw/iec/lge/2021/downloadable_party_results/WC011.csv,https://results.elections.org.za/home/LGEPublicReports/1091/Downloadable%20Party%20Results/WP/WC011.csv,2026-09-24 13:24:36 UTC,158762,8463772ca57c3164da5e09f9745ca07bbd09ff6275f02309b4cda124cac10ee5,
data/raw/iec/lge/2021/seat_calculation_detail/WC011.xls,https://results.elections.org.za/home/LGEPublicReports/1091/Seat%20Calculation%20Detail/WP/WC011.xls,2026-09-24 13:24:36 UTC,24512,cfa8b90c1c370d5a3040e30e4851cb5d9fe56dea04069562205dd74f7f321e0a,
data/raw/iec/lge/2021/detailed_results/WC011.pdf,https://results.elections.org.za/home/LGEPublicReports/1091/Detailed%20Results/WP/WC011.pdf,2026-09-24 13:24:37 UTC,25621,9a17a184c038b8f4ea0e56df8e85ba56d549ed09b5e8ee72708639684d777ab8,
data/raw/iec/lge/2021/downloadable_party_results/WC012.csv,https://results.elections.org.za/home/LGEPublicReports/1091/Downloadable%20Party%20Results/WP/WC012.csv,2026-09-24 13:24:38 UTC,140277,5e893b1465999eb9305786785d87b6cf6552a810198ba774a1a8795068f35fb4,
data/raw/iec/lge/2021/seat_calculation_detail/WC012.xls,https://results.elections.org.za/home/LGEPublicReports/1091/Seat%20Calculation%20Detail/WP/WC012.xls,2026-09-24 13:24:38 UTC,24512,c5d4393fc3ca82073596e3e11dc924aecc245319ec34d7024b4bacf13701f47a,
data/raw/iec/lge/2021/detailed_results/WC012.pdf,https://results.elections.org.za/home/LGEPublicReports/1091/Detailed%20Results/WP/WC012.pdf,2026-09-24 13:24:39 UTC,25629,94b571e6031ac87925d4009a7d294d98df97d8ac6dc42da340abd4df45c0a107,
data/raw/iec/lge/2021/downloadable_party_results/WC013.csv,https://results.elections.org.za/home/LGEPublicReports/1091/Downloadable%20Party%20Results/WP/WC013.csv,2026-09-24 13:24:40 UTC,96824,b828b2528db7bb38e60394f321d79b8304d5d8459ad9ebbdd6a80431c04b053b,
data/raw/iec/lge/2021/seat_calculation_detail/WC013.xls,https://results.elections.org.za/home/LGEPublicReports/1091/Seat%20Calculation%20Detail/WP/WC013.xls,2026-09-24 13:24:40 UTC,24512,92588cb3fab8a6e39025c1bd44a61e750a9fca2f5aa391ff362a3a27cc1b2710,
data/raw/iec/lge/2021/detailed_results/WC013.pdf,https://results.elections.org.za/home/LGEPublicReports/1091/Detailed%20Results/WP/WC013.pdf,2026-09-24 13:24:41 UTC,23005,3f9187f21b0d1c79890f393a0e20d2c6d761ec89c220fc924136da39cc1d35a1,
data/raw/iec/lge/2021/downloadable_party_results/WC014.csv,https://results.elections.org.za/home/LGEPublicReports/1091/Downloadable%20Party%20Results/WP/WC014.csv,2026-09-24 13:24:41 UTC,164156,33c828f22c1f57cfa24ae50569a7483e08f6e5ea6ccd161073dad296fa3ac84a,
data/raw/iec/lge/2021/seat_calculation_detail/WC014.xls,https://results.elections.org.za/home/LGEPublicReports/1091/Seat%20Calculation%20Detail/WP/WC014.xls,2026-09-24 13:24:42 UTC,24512,524dcb78321af17b3ab0f10de97cd8aeb12a9ea617ff392ab42ec880a80c6e0f,
data/raw/iec/lge/2021/detailed_results/WC014.pdf,https://results.elections.org.za/home/LGEPublicReports/1091/Detailed%20Results/WP/WC014.pdf,2026-09-24 13:24:43 UTC,25706,fd1ace8587e418304a67b0e51899e189e80136bc9da4a351be06600c25e3554b,
data/raw/iec/lge/2021/downloadable_party_results/WC015.csv,https://results.elections.org.za/home/LGEPublicReports/1091/Downloadable%20Party%20Results/WP/WC015.csv,2026-09-24 13:24:43 UTC,231113,603d5ceb691f04b70ee501ff53a1788cc98aaa65a6965b941d3568e303ab5766,
data/raw/iec/lge/2021/seat_calculation_detail/WC015.xls,https://results.elections.org.za/home/LGEPublicReports/1091/Seat%20Calculation%20Detail/WP/WC015.xls,2026-09-24 13:24:44 UTC,24512,b25c10ddfc3e55d74875ec17ea5b558a170cca3e325e78c26d3f5233f8755757,
data/raw/iec/lge/2021/detailed_results/WC015.pdf,https://results.elections.org.za/home/LGEPublicReports/1091/Detailed%20Results/WP/WC015.pdf,2026-09-24 13:24:45 UTC,26905,794ab1face688c102abd30a4c6665306ec998b4f9412f27f74671840d35a3ea3,
data/raw/iec/lge/2021/downloadable_party_results/WC022.csv,https://results.elections.org.za/home/LGEPublicReports/1091/Downloadable%20Party%20Results/WP/WC022.csv,2026-09-24 13:24:45 UTC,359710,97b98186ba2dbea5e99c59a4f5c609892fbd662a5fbc953cf5e5c4a4394cf4e1,
data/raw/iec/lge/2021/seat_calculation_detail/WC022.xls,https://results.elections.org.za/home/LGEPublicReports/1091/Seat%20Calculation%20Detail/WP/WC022.xls,2026-09-24 13:24:46 UTC,24512,ba69226de8e61e022c287b05cf2747bd12c96028fa5da22b7217f67126f7e5af,
data/raw/iec/lge/2021/detailed_results/WC022.pdf,https://results.elections.org.za/home/LGEPublicReports/1091/Detailed%20Results/WP/WC022.pdf,2026-09-24 13:24:47 UTC,36143,5a2595fde1642507996e01e6ec2825abbe148fc6534d3da1478429aacdc68e05,
data/raw/iec/lge/2021/downloadable_party_results/WC023.csv,https://results.elections.org.za/home/LGEPublicReports/1091/Downloadable%20Party%20Results/WP/WC023.csv,2026-09-24 13:24:47 UTC,665165,cb2722d497e2034752c24524ecedad9d113642c0672ea0b179bd7a1c00e0052a,
data/raw/iec/lge/2021/seat_calculation_detail/WC023.xls,https://results.elections.org.za/home/LGEPublicReports/1091/Seat%20Calculation%20Detail/WP/WC023.xls,2026-09-24 13:24:48 UTC,24512,163859308b36b5b0e76c226721502cf5fa9b4e19932ad23023224d94155fa9bb,
data/raw/iec/lge/2021/detailed_results/WC023.pdf,https://results.elections.org.za/home/LGEPublicReports/1091/Detailed%20Results/WP/WC023.pdf,2026-09-24 13:24:48 UTC,37419,7157490e27c0985bcaf4deded99330d18cdb57fa4f09d0681816dd398611d925,
data/raw/iec/lge/2021/downloadable_party_results/WC024.csv,https://results.elections.org.za/home/LGEPublicReports/1091/Downloadable%20Party%20Results/WP/WC024.csv,2026-09-24 13:24:49 UTC,457187,49cfef42e18f1750433cf3bb3bd3af19029b33fa2ea708636edb07c8f7ae266f,
data/raw/iec/lge/2021/seat_calculation_detail/WC024.xls,https://results.elections.org.za/home/LGEPublicReports/1091/Seat%20Calculation%20Detail/WP/WC024.xls,2026-09-24 13:24:50 UTC,24512,8b9e493e0854b988c0bf7d03511749ce283536d22aa3959d8a55748470491e8b,
data/raw/iec/lge/2021/detailed_results/WC024.pdf,https://results.elections.org.za/home/LGEPublicReports/1091/Detailed%20Results/WP/WC024.pdf,2026-09-24 13:24:50 UTC,37384,ff69a91498c5199726e8bf2918b4baaae4a8792ccc7aaf32486c498fc17768df,
data/raw/iec/lge/2021/downloadable_party_results/WC025.csv,https://results.elections.org.za/home/LGEPublicReports/1091/Downloadable%20Party%20Results/WP/WC025.csv,2026-09-24 13:24:51 UTC,529819,ce818ebe18185726221c6d43b2a6bfffbbe78f4ccd556a52f08c688ec95ce597,
data/raw/iec/lge/2021/seat_calculation_detail/WC025.xls,https://results.elections.org.za/home/LGEPublicReports/1091/Seat%20Calculation%20Detail/WP/WC025.xls,2026-09-24 13:24:52 UTC,24512,fb728fa230d773bd6a755d97ce6a3e53e7c3bbfd563fd93d767f98c742d134b5,
data/raw/iec/lge/2021/detailed_results/WC025.pdf,https://results.elections.org.za/home/LGEPublicReports/1091/Detailed%20Results/WP/WC025.pdf,2026-09-24 13:24:52 UTC,33563,22184b8058e8e0c59dba668355b3e9b832a4d7e6d5bc0878b9816dea85c52f1f,
data/raw/iec/lge/2021/downloadable_party_results/WC026.csv,https://results.elections.org.za/home/LGEPublicReports/1091/Downloadable%20Party%20Results/WP/WC026.csv,2026-09-24 13:24:53 UTC,282031,40f34a74e525e21d1d7206ca175f95b15f791dd6d214fc34f3a882ef62fedaaa,
data/raw/iec/lge/2021/seat_calculation_detail/WC026.xls,https://results.elections.org.za/home/LGEPublicReports/1091/Seat%20Calculation%20Detail/WP/WC026.xls,2026-09-24 13:24:54 UTC,24512,d5d6bd6cb9ebd0d5cc2120b40758f9ac55d5449e7422fcfc1f5aab76dd1b2b89,
data/raw/iec/lge/2021/detailed_results/WC026.pdf,https://results.elections.org.za/home/LGEPublicReports/1091/Detailed%20Results/WP/WC026.pdf,2026-09-24 13:24:54 UTC,32859,bf7235f3307b5168186382d257ee2cd2c72df1f98c0fbff2743c4bdd20f6150b,
data/raw/iec/lge/2021/downloadable_party_results/WC031.csv,https://results.elections.org.za/home/LGEPublicReports/1091/Downloadable%20Party%20Results/WP/WC031.csv,2026-09-24 13:24:55 UTC,306376,1719d7e1d1890217723d824e04bdd3349e083b297fdd82f957a1df44812291ec,
data/raw/iec/lge/2021/seat_calculation_detail/WC031.xls,https://results.elections.org.za/home/LGEPublicReports/1091/Seat%20Calculation%20Detail/WP/WC031.xls,2026-09-24 13:24:56 UTC,24512,35b0aff467041d72c78b859a798b5b5d57445a1350a472b03493909c09656ba1,
data/raw/iec/lge/2021/detailed_results/WC031.pdf,https://results.elections.org.za/home/LGEPublicReports/1091/Detailed%20Results/WP/WC031.pdf,2026-09-24 13:24:57 UTC,27551,2438adb004dbdfa75324de85c12b885a3ecba9fb50325ac8b1711fa334713190,
data/raw/iec/lge/2021/downloadable_party_results/WC032.csv,https://results.elections.org.za/home/LGEPublicReports/1091/Downloadable%20Party%20Results/WP/WC032.csv,2026-09-24 13:24:57 UTC,202700,b25cd39b9472b607a95ec02aa96861670cb619e849e402ca64ce301b1ab3b103,
data/raw/iec/lge/2021/seat_calculation_detail/WC032.xls,https://results.elections.org.za/home/LGEPublicReports/1091/Seat%20Calculation%20Detail/WP/WC032.xls,2026-09-24 13:24:59 UTC,24512,944f3a89926b00f6c98df16975f0681b8a36c661e90721cd44d8ee7adc3ae118,
data/raw/iec/lge/2021/detailed_results/WC032.pdf,https://results.elections.org.za/home/LGEPublicReports/1091/Detailed%20Results/WP/WC032.pdf,2026-09-24 13:25:00 UTC,28150,6739415b47c80fa9ad950b2272e916445ae06b8e9c94bf7c056a4d033685ba73,
data/raw/iec/lge/2021/downloadable_party_results/WC033.csv,https://results.elections.org.za/home/LGEPublicReports/1091/Downloadable%20Party%20Results/WP/WC033.csv,2026-09-24 13:25:00 UTC,103616,1dd4cb4667796b076870bf0ab1474879f88d7c0b474e831be7bb715f14836289,
data/raw/iec/lge/2021/seat_calculation_detail/WC033.xls,https://results.elections.org.za/home/LGEPublicReports/1091/Seat%20Calculation%20Detail/WP/WC033.xls,2026-09-24 13:25:01 UTC,24512,df5e25b69d926a2fd499349e4d0f566c7b8062d47223742cd063537d53141047,
data/raw/iec/lge/2021/detailed_results/WC033.pdf,https://results.elections.org.za/home/LGEPublicReports/1091/Detailed%20Results/WP/WC033.pdf,2026-09-24 13:25:02 UTC,26910,74acdd8d6647ad25cad0dc06a54410aa3ba07ba94187754d5e6a44514f98cd73,
data/raw/iec/lge/2021/downloadable_party_results/WC034.csv,https://results.elections.org.za/home/LGEPublicReports/1091/Downloadable%20Party%20Results/WP/WC034.csv,2026-09-24 13:25:02 UTC,80969,a7361012711d974fb6d614adab41b256940f8a07a3848677fbda32bdf849ba95,
data/raw/iec/lge/2021/seat_calculation_detail/WC034.xls,https://results.elections.org.za/home/LGEPublicReports/1091/Seat%20Calculation%20Detail/WP/WC034.xls,2026-09-24 13:25:03 UTC,24512,87b3791da2031e29c1edc8b8493793f2975c0676467e2b359c487d2b02df298d,
data/raw/iec/lge/2021/detailed_results/WC034.pdf,https://results.elections.org.za/home/LGEPublicReports/1091/Detailed%20Results/WP/WC034.pdf,2026-09-24 13:25:03 UTC,26173,0cd0e7b87a443711eb709daa86424f80ae1c6c1b23e9179dd61391588a4c51c4,
data/raw/iec/lge/2021/downloadable_party_results/WC041.csv,https://results.elections.org.za/home/LGEPublicReports/1091/Downloadable%20Party%20Results/WP/WC041.csv,2026-09-24 13:25:04 UTC,75382,4e834e2945177e30db17410e9bd7f9c0d5d4c40de3dfe505f0829d00606fa97e,
data/raw/iec/lge/2021/seat_calculation_detail/WC041.xls,https://results.elections.org.za/home/LGEPublicReports/1091/Seat%20Calculation%20Detail/WP/WC041.xls,2026-09-24 13:25:05 UTC,24512,f6e37c7a0f25867d9797c63865e26802e76834d1eccfdbddb268b3a3cf0617d7,
data/raw/iec/lge/2021/detailed_results/WC041.pdf,https://results.elections.org.za/home/LGEPublicReports/1091/Detailed%20Results/WP/WC041.pdf,2026-09-24 13:25:05 UTC,26231,1f873a477a303f656fe6638d9e29cbdd863dab6789a583ab4583ce7a35c05593,
data/raw/iec/lge/2021/downloadable_party_results/WC042.csv,https://results.elections.org.za/home/LGEPublicReports/1091/Downloadable%20Party%20Results/WP/WC042.csv,2026-09-24 13:25:06 UTC,146428,26f89720b088ad36786e7ceaf53c057a566a8e82b9860b9c4eff8af1735e33bd,
data/raw/iec/lge/2021/seat_calculation_detail/WC042.xls,https://results.elections.org.za/home/LGEPublicReports/1091/Seat%20Calculation%20Detail/WP/WC042.xls,2026-09-24 13:25:07 UTC,24512,3f7399f8ba61eb240aef88bc899bc0fe320bd45cf3f0f321a4d292b901d8ec9a,
data/raw/iec/lge/2021/detailed_results/WC042.pdf,https://results.elections.org.za/home/LGEPublicReports/1091/Detailed%20Results/WP/WC042.pdf,2026-09-24 13:25:07 UTC,27482,04843a49810d067765fa5f6989d78391a321dadcf014c3f95aac12b2da49869e,
data/raw/iec/lge/2021/downloadable_party_results/WC043.csv,https://results.elections.org.za/home/LGEPublicReports/1091/Downloadable%20Party%20Results/WP/WC043.csv,2026-09-24 13:25:08 UTC,214199,6741f86726ec73af2db573eef640040e7d6ad8357ac89200f1edf358aed331e9,
data/raw/iec/lge/2021/seat_calculation_detail/WC043.xls,https://results.elections.org.za/home/LGEPublicReports/1091/Seat%20Calculation%20Detail/WP/WC043.xls,2026-09-24 13:25:09 UTC,24512,92fa9f2065b69be4f6f7f4ad84f78dffdcfaad4a8e2c31d9478e84cb331521ab,
data/raw/iec/lge/2021/detailed_results/WC043.pdf,https://results.elections.org.za/home/LGEPublicReports/1091/Detailed%20Results/WP/WC043.pdf,2026-09-24 13:25:09 UTC,28180,80bfdb1fc98726cb6b332f2b20c7d2b410144b0261f27e71270ef56c735901db,
data/raw/iec/lge/2021/downloadable_party_results/WC044.csv,https://results.elections.org.za/home/LGEPublicReports/1091/Downloadable%20Party%20Results/WP/WC044.csv,2026-09-24 13:25:10 UTC,438476,90865ca77327c0ff57a7e7f9dc2921e5f73b93f7a0253db8feec99055293e68d,
data/raw/iec/lge/2021/seat_calculation_detail/WC044.xls,https://results.elections.org.za/home/LGEPublicReports/1091/Seat%20Calculation%20Detail/WP/WC044.xls,2026-09-24 13:25:11 UTC,24512,0188ced6810f28d299020dcf060b4fefd862563d087077e299408170ec6b7292,
data/raw/iec/lge/2021/detailed_results/WC044.pdf,https://results.elections.org.za/home/LGEPublicReports/1091/Detailed%20Results/WP/WC044.pdf,2026-09-24 13:25:11 UTC,30269,475f31128791f6014a4f7b70ed590a9dd4819ff8ce9adb577ffa72e3da0cbc4a,
data/raw/iec/lge/2021/downloadable_party_results/WC045.csv,https://results.elections.org.za/home/LGEPublicReports/1091/Downloadable%20Party%20Results/WP/WC045.csv,2026-09-24 13:25:12 UTC,275970,954b1334a53a41b6708da2244a1113f0082927d2e99525a71018d9691873ced1,
data/raw/iec/lge/2021/seat_calculation_detail/WC045.xls,https://results.elections.org.za/home/LGEPublicReports/1091/Seat%20Calculation%20Detail/WP/WC045.xls,2026-09-24 13:25:13 UTC,24512,f847f9312f6fc90fb11fa8b068dfe6a19bed84b2fdaf349d1aa97af6687c7149,
data/raw/iec/lge/2021/detailed_results/WC045.pdf,https://results.elections.org.za/home/LGEPublicReports/1091/Detailed%20Results/WP/WC045.pdf,2026-09-24 13:25:13 UTC,28959,650e1ccc0c0db27a7a5feb2efb2fcbfe49c885a8e597976163c3f29349414703,
data/raw/iec/lge/2021/downloadable_party_results/WC047.csv,https://results.elections.org.za/home/LGEPublicReports/1091/Downloadable%20Party%20Results/WP/WC047.csv,2026-09-24 13:25:14 UTC,127561,c592032a37e0608531a836d7fe8a76167ab08215a6c23eee67bfe3aef7fa67eb,
data/raw/iec/lge/2021/seat_calculation_detail/WC047.xls,https://results.elections.org.za/home/LGEPublicReports/1091/Seat%20Calculation%20Detail/WP/WC047.xls,2026-09-24 13:25:14 UTC,24512,bd724d986fdf470ca66a6d1becdde768cf1eb592ceec441e6c8873352d80c353,
data/raw/iec/lge/2021/detailed_results/WC047.pdf,https://results.elections.org.za/home/LGEPublicReports/1091/Detailed%20Results/WP/WC047.pdf,2026-09-24 13:25:15 UTC,30322,3b8dc416f571261f2db4914964d26257ff71f785e3cfb5c5863a15a4a911a766,
data/raw/iec/lge/2021/downloadable_party_results/WC048.csv,https://results.elections.org.za/home/LGEPublicReports/1091/Downloadable%20Party%20Results/WP/WC048.csv,2026-09-24 13:25:16 UTC,220478,60b80c114c84336ad294bfd3715c872e4722f125dc367c37582099f0d1858720,
data/raw/iec/lge/2021/seat_calculation_detail/WC048.xls,https://results.elections.org.za/home/LGEPublicReports/1091/Seat%20Calculation%20Detail/WP/WC048.xls,2026-09-24 13:25:16 UTC,24512,9e35d21da4e508b21a4ae82573ae95a2e6bd51db7f89cb1f2485cbe3ba4e5188,
data/raw/iec/lge/2021/detailed_results/WC048.pdf,https://results.elections.org.za/home/LGEPublicReports/1091/Detailed%20Results/WP/WC048.pdf,2026-09-24 13:25:17 UTC,30304,7ca4969c1e64f40113b8c30834343ee4a295aac51ca93035235d560fe79e1ff9,
data/raw/iec/lge/2021/downloadable_party_results/WC051.csv,https://results.elections.org.za/home/LGEPublicReports/1091/Downloadable%20Party%20Results/WP/WC051.csv,2026-09-24 13:25:18 UTC,29528,efcc9b4c65f9fa3d127f9267b90d1f476cd7def7d764710883ae142b8397f9a3,
data/raw/iec/lge/2021/seat_calculation_detail/WC051.xls,https://results.elections.org.za/home/LGEPublicReports/1091/Seat%20Calculation%20Detail/WP/WC051.xls,2026-09-24 13:25:18 UTC,24512,f6325075e2d182982daa94f82bf30369135ba6debdcff1b70d60290c47909063,
data/raw/iec/lge/2021/detailed_results/WC051.pdf,https://results.elections.org.za/home/LGEPublicReports/1091/Detailed%20Results/WP/WC051.pdf,2026-09-24 13:25:19 UTC,18980,fbd9cd7e1a661b8cfe0ee4b8f39a5dd877a330c1407af4a302e558c4dfbdd8f9,
data/raw/iec/lge/2021/downloadable_party_results/WC052.csv,https://results.elections.org.za/home/LGEPublicReports/1091/Downloadable%20Party%20Results/WP/WC052.csv,2026-09-24 13:25:19 UTC,44105,0bbaf6f30588b45615a6d2fa0299d784cfcc182f251060282bfc857061631282,
data/raw/iec/lge/2021/seat_calculation_detail/WC052.xls,https://results.elections.org.za/home/LGEPublicReports/1091/Seat%20Calculation%20Detail/WP/WC052.xls,2026-09-24 13:25:20 UTC,24512,38befe6c1028653778338586af8ab4b7bdbfaf7964bf1dc09b9baecca571d222,
data/raw/iec/lge/2021/detailed_results/WC052.pdf,https://results.elections.org.za/home/LGEPublicReports/1091/Detailed%20Results/WP/WC052.pdf,2026-09-24 13:25:21 UTC,21056,c4358752b2d7fcf27fb90a6700215f9cb096d65017b169ea48c5d601822e42ce,
data/raw/iec/lge/2021/downloadable_party_results/WC053.csv,https://results.elections.org.za/home/LGEPublicReports/1091/Downloadable%20Party%20Results/WP/WC053.csv,2026-09-24 13:25:21 UTC,111402,5bb4c60189022fac5b8f922ba1226e4beffc9351bc1156cedfb62d723de58a14,
data/raw/iec/lge/2021/seat_calculation_detail/WC053.xls,https://results.elections.org.za/home/LGEPublicReports/1091/Seat%20Calculation%20Detail/WP/WC053.xls,2026-09-24 13:25:22 UTC,24512,52ead2339b4f7312ff99f5eafba78082b86144a996c062b77e87f9a4e198d47b,
data/raw/iec/lge/2021/detailed_results/WC053.pdf,https://results.elections.org.za/home/LGEPublicReports/1091/Detailed%20Results/WP/WC053.pdf,2026-09-24 13:25:23 UTC,20436,fbac389bf821e84a524113afa7cb640db5425dd90c8f6a79afd50ba7f7427fb3,
data/raw/mdb/wards2026.geojson,https://services7.arcgis.com/oeoyTUJC8HEeYsRB/arcgis/rest/services/MDBWards2026/FeatureServer/0/query,2026-09-24 13:34:18 UTC,11796340,d0f8f8552e1f5d56956b4ab6bb0ac3bdf49e47b65b12901c6f34add2e1f80e3d,where: 1=1
data/raw/mdb/vds2026.geojson,https://services7.arcgis.com/oeoyTUJC8HEeYsRB/arcgis/rest/services/VotingDistricts2026_Final/FeatureServer/0/query,2026-09-24 13:35:00 UTC,13071590,9ae02819fbee72e2219891bb16f53b272088b41a128644737d5e70a573150afd,where: 1=1
data/raw/statssa/ward_product_2022.zip,https://www.statssa.gov.za/wp-content/uploads/2025/11/Ward-Product_Locked-spreadsheets.zip,2026-09-24 13:41:36 UTC,1865768,d8eae4732557228d08fdf1d2ff2f5077ee55454185d489931213b1896a0a617a,
data/raw/iec/candidates/LGE2026_WC.pdf,https://www.elections.org.za/pw/Documents/Candidate%20Lists/LGE2026/LGE2026%20Certified%20Candidate%20List%20-%20WC.pdf,2026-09-24 13:41:38 UTC,3220816,b27df1d02fb0893ffa896c3b5b362570164c908dc146500b5b50f1b0ddf35570,
data/raw/manual_downloads/npe2019_provincial.zip,https://results.elections.org.za/home/NPEPublicReports/827/Downloadable%20Results/Provincial.zip,2026-09-24 14:06:30 UTC,4032314,bf75dc4682b7f8b2fc9f4a3455ae126fa2e7764badf66d04272779bf1fd5d791,manual browser download
data/raw/manual_downloads/npe2024_provincial.zip,https://results.elections.org.za/home/NPEPublicReports/1335/Downloadable%20Results/Provincial.zip,2026-09-24 14:06:30 UTC,4171034,bc09f835e155a7119595fecf0d2304b37a8be156446e18596ba66d3f9b4885ab,manual browser download
data/raw/manual_downloads/npe2014_bulk.zip,https://www.elections.org.za/content/Elections/Downloadable-results/2014-National-and-Provincial-Elections--Complete-voting-district-level-results-data-(zipped-CSV)/,2026-09-24 22:15:13 UTC,7055916,5a70e4d56646e7521b184457740f7c07e5be0ca22035b6143292052176974bfe,manual browser download
data/raw/iec/lge/2016/downloadable_party_results/CPT.csv,https://results.elections.org.za/home/LGEPublicReports/402/Downloadable%20Party%20Results/WP/CPT.csv,2026-09-24 22:18:00 UTC,6726754,f490133b59adbe8e0300ff766ab3990e390b2160af97ccf882bfb9d76f0ea3ce,
data/raw/iec/lge/2016/downloadable_party_results/WC011.csv,https://results.elections.org.za/home/LGEPublicReports/402/Downloadable%20Party%20Results/WP/WC011.csv,2026-09-24 22:18:01 UTC,128878,514d280506dee21fd633d3a65d56de3921e2668feaba2aab5c11f78681c2c62f,
data/raw/iec/lge/2016/downloadable_party_results/WC012.csv,https://results.elections.org.za/home/LGEPublicReports/402/Downloadable%20Party%20Results/WP/WC012.csv,2026-09-24 22:18:01 UTC,99328,05c2745c57df6d901d5be55fe45d9defb512256a7ba85f1d9065aa7e9ef03575,
data/raw/iec/lge/2016/downloadable_party_results/WC013.csv,https://results.elections.org.za/home/LGEPublicReports/402/Downloadable%20Party%20Results/WP/WC013.csv,2026-09-24 22:18:02 UTC,73628,4451118ef6eb9f705e7fffca04dfff678a6ac6f0e8ab4ed6b76fd5dac3ebb2bf,
data/raw/iec/lge/2016/downloadable_party_results/WC014.csv,https://results.elections.org.za/home/LGEPublicReports/402/Downloadable%20Party%20Results/WP/WC014.csv,2026-09-24 22:18:03 UTC,146489,f4546e6a666f7381f4262c6f5882b4d46116cb72cfad648eb02ced79da8f78cd,
data/raw/iec/lge/2016/downloadable_party_results/WC015.csv,https://results.elections.org.za/home/LGEPublicReports/402/Downloadable%20Party%20Results/WP/WC015.csv,2026-09-24 22:18:04 UTC,129190,b91e2d8543bbca1dc2273f4341cf8bb87d835e4cec36b2641580f4a0832021fe,
data/raw/iec/lge/2016/downloadable_party_results/WC022.csv,https://results.elections.org.za/home/LGEPublicReports/402/Downloadable%20Party%20Results/WP/WC022.csv,2026-09-24 22:18:04 UTC,250251,c84cec369ccd35e685beff5b72bd6ea3280fca7b0dde7061bb543df3c3a8909e,
data/raw/iec/lge/2016/downloadable_party_results/WC023.csv,https://results.elections.org.za/home/LGEPublicReports/402/Downloadable%20Party%20Results/WP/WC023.csv,2026-09-24 22:18:05 UTC,486157,7e2c215583e81a6636edfdbd0fa77e1e44a26c210fde09b7ff7898aa1ded63d8,
data/raw/iec/lge/2016/downloadable_party_results/WC024.csv,https://results.elections.org.za/home/LGEPublicReports/402/Downloadable%20Party%20Results/WP/WC024.csv,2026-09-24 22:18:06 UTC,299586,c027b2ede34ce12a2510dc9428c1e32b684ba7184821c50cafb328af4740ebca,
data/raw/iec/lge/2016/downloadable_party_results/WC025.csv,https://results.elections.org.za/home/LGEPublicReports/402/Downloadable%20Party%20Results/WP/WC025.csv,2026-09-24 22:18:07 UTC,314821,cfee9f5160c13ebb7ceded3a6e722a15aa87f2c57753b1d060fa103829a0d128,
data/raw/iec/lge/2016/downloadable_party_results/WC026.csv,https://results.elections.org.za/home/LGEPublicReports/402/Downloadable%20Party%20Results/WP/WC026.csv,2026-09-24 22:18:07 UTC,207025,1a77be65e44608a46aadc1ca1bccac8aa9e44dfc929116ab708b9f625ad1e441,
data/raw/iec/lge/2016/downloadable_party_results/WC031.csv,https://results.elections.org.za/home/LGEPublicReports/402/Downloadable%20Party%20Results/WP/WC031.csv,2026-09-24 22:18:08 UTC,165522,43c56607a1bd35d838622f79f94f5a32bc0254c256c80520670a80ee7a14e837,
data/raw/iec/lge/2016/downloadable_party_results/WC032.csv,https://results.elections.org.za/home/LGEPublicReports/402/Downloadable%20Party%20Results/WP/WC032.csv,2026-09-24 22:18:09 UTC,83272,5601fe06ed7c6c65330c3862e3cb94deabb5266df4b77d978050f1bf164efdc5,
data/raw/iec/lge/2016/downloadable_party_results/WC033.csv,https://results.elections.org.za/home/LGEPublicReports/402/Downloadable%20Party%20Results/WP/WC033.csv,2026-09-24 22:18:10 UTC,52931,db6209a813fe6d363731618fe164103e1e145e22debf0ef7961c89845ceffb26,
data/raw/iec/lge/2016/downloadable_party_results/WC034.csv,https://results.elections.org.za/home/LGEPublicReports/402/Downloadable%20Party%20Results/WP/WC034.csv,2026-09-24 22:18:10 UTC,58394,eaac0d631680222ee293bc4ddd318f4456532f83afad81b94534c5bc54721826,
data/raw/iec/lge/2016/downloadable_party_results/WC041.csv,https://results.elections.org.za/home/LGEPublicReports/402/Downloadable%20Party%20Results/WP/WC041.csv,2026-09-24 22:18:11 UTC,46978,a53012fad8dc8ef56be7d23a7bb719f9ac3fc7588d14de0ed748ddcc130ff292,
data/raw/iec/lge/2016/downloadable_party_results/WC042.csv,https://results.elections.org.za/home/LGEPublicReports/402/Downloadable%20Party%20Results/WP/WC042.csv,2026-09-24 22:18:12 UTC,95443,8bc1ddddb9996503b35b66ae2fde0429f13b6a9c2aea748f14f4ffa6a0276676,
data/raw/iec/lge/2016/downloadable_party_results/WC043.csv,https://results.elections.org.za/home/LGEPublicReports/402/Downloadable%20Party%20Results/WP/WC043.csv,2026-09-24 22:18:12 UTC,154667,49492380125a684bb59dea924074f62cc7b118501bd03de339a4741abeb5e1eb,
data/raw/iec/lge/2016/downloadable_party_results/WC044.csv,https://results.elections.org.za/home/LGEPublicReports/402/Downloadable%20Party%20Results/WP/WC044.csv,2026-09-24 22:18:13 UTC,342904,6f4014ca22231a628eac58db9e60102ac024e3081946cfd33ff18721da71d24a,
data/raw/iec/lge/2016/downloadable_party_results/WC045.csv,https://results.elections.org.za/home/LGEPublicReports/402/Downloadable%20Party%20Results/WP/WC045.csv,2026-09-24 22:18:14 UTC,215349,3028dea4eb5027cfc45b51a3b829e18b50ddead825544989250ea64542786412,
data/raw/iec/lge/2016/downloadable_party_results/WC047.csv,https://results.elections.org.za/home/LGEPublicReports/402/Downloadable%20Party%20Results/WP/WC047.csv,2026-09-24 22:18:15 UTC,85640,8292b12775eabce28c0f12e805469cfa7405914de24bf405e3ec82d30e65ae0b,
data/raw/iec/lge/2016/downloadable_party_results/WC048.csv,https://results.elections.org.za/home/LGEPublicReports/402/Downloadable%20Party%20Results/WP/WC048.csv,2026-09-24 22:18:15 UTC,161499,44b01bc4fab09f5dba32065283e555f44675152350f6b5ba6bc3458cd6bd1d08,
data/raw/iec/lge/2016/downloadable_party_results/WC051.csv,https://results.elections.org.za/home/LGEPublicReports/402/Downloadable%20Party%20Results/WP/WC051.csv,2026-09-24 22:18:16 UTC,19017,6aef04725062ebc7d3b0027f0593f20e313b130c7fc89a65bdbb915835ed8ad9,
data/raw/iec/lge/2016/downloadable_party_results/WC052.csv,https://results.elections.org.za/home/LGEPublicReports/402/Downloadable%20Party%20Results/WP/WC052.csv,2026-09-24 22:18:17 UTC,25145,0941a7885fa500cb622348d410b0a4da54509d2d625c4e88df6e885af926fd7b,
data/raw/iec/lge/2016/downloadable_party_results/WC053.csv,https://results.elections.org.za/home/LGEPublicReports/402/Downloadable%20Party%20Results/WP/WC053.csv,2026-09-24 22:18:17 UTC,84144,d841dd2227ca55a30925f719b75cee17abdf146f450f42752d234ab814e4cb35,
